t_s,phase,viewers,joins,leaves,join_fail,hub_rss_mb,goroutines,threads,hub_cpu_pct,client_rss_mb
0,start,0,0,0,0,22.8,200,8,0.0,78.3
15,churn,8,9,1,0,69.8,361,8,27.3,101.7
30,churn,12,16,4,0,109.1,441,8,35.2,107.3
45,churn,12,21,9,0,107.6,441,8,35.9,109.4
60,churn,18,29,11,0,119.8,561,9,40.2,116.3
75,churn,18,34,16,0,145.7,561,9,43.0,122.1
90,churn,16,38,22,0,144.7,521,9,41.7,125.2
105,churn,14,42,28,0,134.8,481,9,39.8,125.2
120,churn,16,48,32,0,131.2,521,9,40.3,126.2
135,churn,20,55,35,0,142.2,601,9,45.3,131.2
150,churn,20,60,40,0,145.2,601,9,45.5,132.8
165,churn,22,66,44,0,152.9,641,9,47.1,143.1
180,churn,20,70,50,0,162.1,601,9,48.0,147.7
195,churn,20,75,55,0,155.9,601,9,43.9,147.7
210,churn,16,78,62,0,142.1,521,9,41.0,143.0
225,churn,16,83,67,0,153.3,521,9,42.6,140.8
241,churn,14,87,73,0,134.2,481,9,39.7,138.6
256,churn,12,91,79,0,134.1,441,9,39.1,138.1
271,churn,10,95,85,0,111.6,401,9,35.5,124.7
286,churn,18,104,86,0,138.2,561,9,41.5,132.4
301,churn,20,110,90,0,149.0,601,9,47.7,135.7
316,churn,22,116,94,0,153.1,641,9,45.2,136.2
331,churn,22,121,99,0,171.4,641,9,50.7,138.3
346,churn,22,126,104,0,171.5,641,9,48.4,139.4
361,churn,24,132,108,0,171.7,681,9,52.1,139.4
376,churn,24,137,113,0,162.9,681,9,51.6,139.5
391,churn,24,142,118,0,179.5,681,9,55.9,134.4
406,churn,24,147,123,0,179.6,681,9,54.0,136.0
421,churn,22,151,129,0,172.9,641,9,54.2,144.2
436,churn,20,155,135,0,168.9,601,9,52.0,144.2
451,churn,22,161,139,0,155.8,641,9,48.8,142.8
466,churn,24,167,143,0,176.6,681,9,53.0,140.3
481,churn,24,172,148,0,177.0,681,9,53.4,138.9
496,churn,26,178,152,0,180.6,721,9,51.1,138.7
511,churn,24,182,158,0,183.6,681,9,50.2,142.6
526,churn,22,186,164,0,169.1,641,9,48.2,143.6
541,churn,22,191,169,0,170.5,641,9,49.3,143.7
556,churn,24,197,173,0,172.0,681,9,48.2,141.5
571,churn,22,201,179,0,170.2,641,9,45.6,139.1
586,churn,24,207,183,0,179.6,681,9,50.3,150.2
601,churn,22,211,189,0,179.7,641,9,46.8,146.6
616,churn,22,216,194,0,170.8,641,9,48.9,144.3
631,churn,18,219,201,0,161.4,561,9,45.0,143.7
646,churn,16,223,207,0,139.7,521,9,41.4,127.5
661,churn,16,228,212,0,145.4,521,9,43.1,133.1
676,churn,20,235,215,0,158.1,601,9,44.1,137.1
691,churn,16,238,222,0,149.2,521,9,45.5,137.1
707,churn,20,245,225,0,145.9,601,9,43.2,137.1
722,churn,12,246,234,0,142.4,441,9,42.4,140.2
737,churn,16,253,237,0,126.1,521,9,39.2,129.4
752,churn,20,260,240,0,140.3,601,9,43.2,138.5
767,churn,20,265,245,0,155.3,601,9,48.3,140.0
782,churn,20,270,250,0,165.2,601,9,50.3,134.4
797,churn,20,275,255,0,164.4,601,9,48.6,139.2
812,churn,22,281,259,0,155.4,641,9,46.7,139.3
827,churn,20,285,265,0,161.7,601,9,47.7,143.7
842,churn,18,289,271,0,147.8,561,9,48.3,146.7
857,churn,14,292,278,0,139.3,481,9,42.7,134.4
872,churn,16,298,282,0,131.6,521,9,41.2,138.5
887,churn,20,305,285,0,164.1,601,9,46.2,142.5
902,churn,18,309,291,0,159.9,561,9,45.1,144.3
917,churn,18,314,296,0,151.4,561,9,44.1,144.7
932,churn,18,319,301,0,158.0,561,9,45.6,141.5
947,churn,16,323,307,0,146.6,521,9,42.4,138.0
962,churn,14,327,313,0,138.3,481,9,42.2,137.6
977,churn,14,332,318,0,129.8,481,9,37.7,137.6
992,churn,10,335,325,0,117.9,401,9,36.1,128.3
1007,churn,16,343,327,0,128.8,521,9,38.8,138.6
1022,churn,20,350,330,0,154.7,601,9,46.9,148.4
1037,churn,20,355,335,0,173.3,601,9,50.8,149.4
1052,churn,20,360,340,0,161.0,601,9,44.8,142.5
1067,churn,18,364,346,0,148.2,561,9,44.1,139.6
1082,churn,14,367,353,0,153.6,481,9,46.6,137.8
1097,churn,14,372,358,0,133.1,481,9,41.8,137.8
1112,churn,22,381,359,0,163.7,641,9,45.9,141.2
1127,churn,18,384,366,0,168.3,561,9,46.7,141.2
1142,churn,18,389,371,0,163.0,561,9,46.8,147.7
1157,churn,18,394,376,0,152.5,561,9,42.6,147.8
1173,churn,20,400,380,0,152.5,601,9,43.4,147.4
1188,churn,22,406,384,0,171.9,641,9,48.2,145.0
1203,churn,22,411,389,0,167.6,641,9,48.6,145.4
1218,churn,20,415,395,0,153.2,601,9,43.4,146.2
1233,churn,24,422,398,0,168.0,681,9,49.0,152.3
1248,churn,20,425,405,0,154.9,601,9,45.4,157.3
1263,churn,26,433,407,0,171.4,721,9,49.9,157.3
1278,churn,20,435,415,0,185.4,601,9,46.5,157.5
1293,churn,22,441,419,0,168.2,641,9,45.7,154.9
1308,churn,28,449,421,0,176.0,761,9,49.6,152.1
1323,churn,30,455,425,0,193.2,801,9,54.1,148.0
1338,churn,28,459,431,0,201.4,761,9,55.5,152.7
1353,churn,30,465,435,0,215.2,801,9,62.0,148.4
1368,churn,22,466,444,0,197.1,641,9,53.4,144.1
1383,churn,20,470,450,0,171.9,601,9,46.8,145.9
1398,churn,22,476,454,0,179.8,641,9,45.4,146.2
1413,churn,24,482,458,0,184.4,681,9,49.0,142.7
1428,churn,24,487,463,0,179.5,681,9,47.1,148.6
1443,churn,22,491,469,0,181.5,641,9,50.5,148.0
1458,churn,22,496,474,0,180.2,641,9,47.6,148.0
1473,churn,22,501,479,0,179.7,641,9,48.9,140.2
1488,churn,20,505,485,0,168.0,601,9,46.3,140.6
1510,drain,0,509,509,0,78.3,201,9,34.1,104.6
1520,drain,0,509,509,0,77.8,201,9,18.4,104.4
1530,drain,0,509,509,0,77.8,201,9,17.7,104.4
1540,drain,0,509,509,0,77.2,201,9,18.2,104.3
1550,drain,0,509,509,0,77.2,201,9,18.4,104.3
1560,drain,0,509,509,0,77.2,200,9,18.5,104.3
1570,no_agents,0,509,509,0,74.4,10,9,0.2,104.3
1580,no_agents,0,509,509,0,74.4,10,9,0.0,104.3
1590,no_agents,0,509,509,0,74.4,10,9,0.1,104.3
1600,no_agents,0,509,509,0,74.4,10,9,0.1,104.3
1610,no_agents,0,509,509,0,74.4,10,9,0.0,104.3
1620,no_agents,0,509,509,0,74.4,10,9,0.0,104.3
