t_s,kind,goroutines,heap_alloc_mb,heap_sys_mb,rss_mb,gc_heap_mb,gc_inuse_mb,nodes,agents,viewers_ok,viewers_fail,agents_ok,agents_fail,viewers_with_media
0,start,10,0.43,7.77,16.99,0.38,1.31,0,0,0,0,0,0,0
33,load,474,28.36,39.19,55.60,0.00,0.00,9,8,99,1,16,0,99
63,load,455,29.69,43.35,57.32,0.00,0.00,9,7,206,3,24,0,206
93,load,493,19.97,43.52,55.77,0.00,0.00,10,8,306,6,37,0,306
123,load,467,23.11,43.52,56.32,0.00,0.00,12,8,411,8,47,0,411
153,load,449,21.71,43.55,55.04,0.00,0.00,13,8,516,10,59,0,516
183,load,489,24.86,43.55,57.61,0.00,0.00,15,8,620,11,64,0,620
213,load,469,27.53,43.61,58.42,0.00,0.00,14,8,721,14,77,0,721
243,load,449,19.98,43.55,57.84,0.00,0.00,15,8,826,17,85,0,826
273,load,428,22.32,43.61,57.18,0.00,0.00,11,8,930,23,96,0,930
303,load,486,23.51,43.55,55.84,0.00,0.00,9,8,1027,29,106,0,1027
348,quiet,18,2.73,44.66,50.88,1.49,4.10,9,0,1042,29,106,0,1042
348,load,18,4.11,44.63,48.57,0.00,0.00,9,0,1042,29,106,0,1042
363,load,492,30.04,43.38,57.18,0.00,0.00,8,8,1084,33,114,0,1084
393,load,492,26.58,43.38,56.32,0.00,0.00,8,8,1187,36,125,0,1187
423,load,472,30.10,43.42,59.06,0.00,0.00,9,8,1289,36,133,0,1289
453,load,489,21.68,43.45,58.35,0.00,0.00,12,8,1389,40,142,0,1389
483,load,489,21.39,43.48,56.13,0.00,0.00,13,8,1488,43,152,0,1488
513,load,430,33.44,47.58,61.93,0.00,0.00,14,7,1587,46,161,0,1587
543,load,469,22.74,47.68,54.25,0.00,0.00,16,8,1693,51,171,0,1693
573,load,487,24.70,47.64,57.82,0.00,0.00,14,8,1799,54,181,0,1799
648,quiet,15,3.87,48.76,49.92,1.48,4.13,13,0,1918,56,190,0,1918
648,load,15,3.14,48.79,48.02,0.00,0.00,13,0,1918,56,190,0,1918
663,load,490,25.10,47.64,56.52,0.00,0.00,14,8,1957,68,199,0,1957
693,load,471,17.98,47.68,57.93,0.00,0.00,14,7,2058,73,207,0,2058
723,load,470,20.78,47.78,57.71,0.00,0.00,12,8,2165,76,215,0,2165
753,load,487,24.58,47.61,58.53,0.00,0.00,12,8,2267,80,223,0,2267
783,load,487,26.14,47.71,58.16,0.00,0.00,12,8,2368,84,235,0,2368
813,load,487,19.37,47.74,58.63,0.00,0.00,13,8,2457,88,246,0,2457
843,load,446,28.24,47.74,57.81,0.00,0.00,12,8,2559,90,254,0,2559
873,load,467,22.85,47.78,58.59,0.00,0.00,12,8,2658,91,264,0,2658
903,load,448,18.35,47.81,53.44,0.00,0.00,12,7,2766,95,272,0,2766
948,quiet,16,3.15,48.86,50.23,1.49,4.19,9,0,2781,95,272,0,2781
948,load,16,2.63,48.86,47.89,0.00,0.00,9,0,2781,95,272,0,2781
963,load,492,27.01,47.68,53.96,0.00,0.00,9,8,2821,110,282,0,2821
993,load,474,23.65,47.68,56.77,0.00,0.00,11,8,2926,113,292,0,2926
1023,load,452,17.90,47.84,54.52,0.00,0.00,11,8,3025,115,302,0,3025
1053,load,466,27.25,47.58,58.02,0.00,0.00,13,8,3129,120,311,0,3129
1083,load,489,19.12,47.74,56.08,0.00,0.00,13,8,3231,121,319,0,3231
1113,load,449,22.41,47.78,56.43,0.00,0.00,13,8,3324,129,328,0,3324
1143,load,470,28.94,47.68,55.61,0.00,0.00,14,7,3432,136,337,0,3432
1173,load,450,23.41,47.81,57.37,0.00,0.00,11,7,3534,138,348,0,3534
1248,final,15,3.96,48.82,51.43,1.49,4.30,12,0,3649,139,354,0,3649
