t,fds,socket_fds,tcp_estab_4471,udp_socks_proc,threads,rss_kb
1791218620,29,22,2,83,10,96896
1791218650,26,19,2,220,10,88796
1791218680,27,20,2,81,10,95452
1791218710,16,9,2,79,10,99716
1791218740,17,10,2,79,10,95220
1791218770,31,24,2,88,10,91988
1791218800,25,18,2,87,10,90536
1791218830,25,18,2,81,10,90812
1791218860,22,15,2,82,10,93124
1791218890,18,11,2,77,10,94480
1791218920,20,13,2,77,10,95416
1791218950,21,15,2,85,10,95232
1791218980,25,18,2,373,10,98212
1791219010,15,8,2,448,10,89852
1791219040,16,9,2,520,11,94716
1791219070,16,9,2,520,11,97632
1791219100,19,12,2,519,11,92880
1791219131,23,16,2,523,11,98528
1791219161,23,16,2,454,11,87964
1791219191,21,14,1,470,11,87964
1791219221,18,11,2,245,11,89556
1791219251,20,13,2,83,11,94672
1791219281,21,14,2,81,11,92468
1791219311,20,13,2,523,11,98180
1791219341,17,10,2,509,11,103192
1791219371,22,15,2,447,11,96736
1791219401,20,13,2,444,11,96984
1791219431,19,12,2,526,11,98208
1791219461,20,13,2,239,11,98892
1791219491,20,13,2,83,11,98356
1791219521,26,19,2,398,11,96492
1791219551,27,20,2,583,11,99372
1791219581,26,19,2,88,11,99788
1791219611,18,11,2,80,11,94752
1791219641,26,19,2,88,11,92700
1791219671,16,9,2,76,11,98572
1791219701,18,11,2,81,11,93532
1791219732,18,11,2,75,11,95244
1791219762,18,11,2,15,11,93768
1791219792,18,11,2,8,11,93768
1791219822,21,14,2,81,11,89000
1791219852,27,20,2,83,11,99664
1791219882,26,19,2,83,11,92952
1791219912,22,15,2,75,11,98248
1791219942,16,9,2,75,11,92520
1791219972,24,17,2,78,11,98904
1791220002,16,9,2,73,11,102780
1791220032,26,19,2,86,11,94056
1791220062,20,13,2,80,11,96200
1791220092,23,16,2,86,11,94208
1791220122,17,10,2,77,11,100960
1791220152,17,10,2,79,11,83704
1791220182,27,20,2,91,11,93568
1791220212,15,8,2,75,11,90900
1791220242,21,14,2,78,11,90272
1791220272,18,11,2,81,11,97412
1791220302,28,21,2,84,11,102332
1791220332,27,20,2,89,11,96244
1791220363,16,9,2,7,11,98088
1791220393,16,9,2,6,11,98088
1791220423,25,18,2,85,11,89068
1791220453,28,21,2,89,11,95644
1791220483,27,20,2,78,11,93744
1791220513,19,12,2,78,11,96428
1791220543,24,17,2,75,11,96032
1791220573,28,21,2,86,11,94460
1791220603,17,10,2,69,11,92212
1791220633,17,10,2,73,11,90652
1791220663,22,15,2,77,11,95028
1791220693,19,12,2,74,11,94944
1791220723,23,16,2,78,11,92548
1791220753,27,20,2,84,11,95848
1791220783,17,10,2,74,11,91000
1791220813,25,18,2,79,11,91620
1791220843,20,13,2,77,11,97376
1791220873,20,13,2,74,11,93348
1791220903,26,19,2,83,11,91636
1791220933,16,10,2,74,11,95676
1791220963,16,9,2,1,11,96936
1791220993,15,8,1,1,11,96936
1791221023,28,21,2,80,11,99636
1791221053,21,14,2,73,11,92512
1791221083,22,15,2,71,11,94636
1791221113,27,20,2,78,11,94232
1791221143,19,12,2,76,11,92456
1791221173,29,22,1,84,11,94512
1791221203,19,12,2,76,11,94092
1791221233,16,9,2,70,11,99448
1791221264,26,19,2,80,11,93236
1791221294,28,21,2,86,11,99240
1791221324,14,7,1,58,11,93984
1791221354,26,19,2,78,11,99828
1791221384,16,9,2,68,11,92352
1791221414,26,19,2,80,11,94552
1791221444,27,20,2,81,11,97448
1791221474,29,22,2,77,11,96904
1791221504,16,9,2,71,11,93996
1791221534,30,23,2,87,11,97880
1791221564,26,19,2,11,11,100540
1791221594,26,19,2,11,11,100540
1791221624,30,23,2,82,11,88120
1791221654,25,18,2,75,11,97936
1791221684,26,19,2,75,11,99336
1791221714,24,17,2,81,11,89772
1791221744,29,22,2,83,11,104000
1791221774,26,19,1,85,11,92092
1791221804,16,9,1,72,11,90128
1791221834,32,25,2,89,11,97656
1791221864,18,11,2,72,11,93504
1791221894,24,18,2,79,11,95112
1791221924,20,13,2,77,11,92268
1791221954,17,10,2,74,11,99304
1791221984,21,14,2,73,11,92644
1791222014,21,14,2,75,11,103508
1791222044,23,16,2,74,11,87080
1791222074,16,9,2,74,11,89340
1791222104,20,13,2,74,11,83216
1791222135,22,15,2,77,11,97292
1791222165,21,14,2,7,11,93652
1791222195,20,13,1,7,11,93652
1791222225,27,20,2,82,11,92100
1791222255,29,22,2,84,11,94032
1791222285,25,18,2,77,11,83412
1791222315,28,21,2,82,11,91984
1791222345,16,9,2,74,11,95748
1791222375,26,19,2,83,11,94088
1791222405,24,17,2,78,11,98720
1791222435,29,22,2,77,11,92572
1791222465,20,13,2,6,11,91656
1791222495,19,12,1,6,11,91656
