t_s,phase,viewers,joins,leaves,join_fail,hub_rss_mb,goroutines,threads,hub_cpu_pct,client_rss_mb,heap_inuse_mb
0,start,0,0,0,0,21.3,200,8,0.0,78.7,4.4
15,churn,6,8,2,0,62.9,321,8,21.0,98.7,37.1
30,churn,10,15,5,0,88.0,401,9,27.2,104.3,48.1
45,churn,10,20,10,0,106.3,401,9,29.5,111.4,52.0
60,churn,14,27,13,0,111.6,481,9,30.4,115.6,59.9
75,churn,12,31,19,0,107.9,441,9,32.8,122.3,56.0
90,churn,12,36,24,0,103.5,441,9,28.7,122.4,56.9
105,churn,16,43,27,0,125.1,521,9,33.7,136.9,62.5
120,churn,20,50,30,0,152.3,601,9,36.3,138.4,84.5
135,churn,24,57,33,0,168.2,681,9,39.6,138.5,89.6
151,churn,24,62,38,0,171.2,681,9,40.8,140.6,97.8
166,churn,24,67,43,0,173.4,681,9,40.1,140.6,98.1
181,churn,22,71,49,0,169.0,641,9,38.7,146.9,93.2
196,churn,24,77,53,0,169.1,681,9,40.1,154.5,87.9
211,churn,24,82,58,0,179.9,681,9,41.6,154.5,97.8
226,churn,26,88,62,0,178.6,721,9,41.1,154.7,96.9
241,churn,24,92,68,0,176.4,681,9,43.5,156.6,97.3
256,churn,24,97,73,0,171.4,681,9,43.5,158.3,92.2
271,churn,22,101,79,0,172.7,641,9,42.1,152.6,94.2
286,churn,20,105,85,0,164.1,601,9,39.2,153.3,79.3
301,churn,18,109,91,0,150.6,561,9,38.3,153.3,82.0
316,churn,26,118,92,0,165.4,721,9,40.1,153.3,92.6
331,churn,22,121,99,0,169.9,641,9,40.0,138.5,92.0
346,churn,24,127,103,0,167.7,681,9,38.8,147.7,86.1
361,churn,20,130,110,0,159.4,601,9,39.6,140.4,80.3
376,churn,20,135,115,0,163.8,601,9,40.9,142.3,80.4
392,churn,24,142,118,0,166.6,681,9,40.1,147.4,91.4
407,churn,20,145,125,0,164.3,601,9,38.1,139.8,88.9
422,churn,20,150,130,0,159.5,601,9,36.9,140.7,85.6
437,churn,22,156,134,0,172.0,641,9,38.8,145.0,89.4
452,churn,24,162,138,0,163.5,681,9,41.5,150.3,85.6
467,churn,22,166,144,0,176.8,641,9,39.9,150.8,98.3
482,churn,18,169,151,0,156.8,561,9,37.4,146.5,75.9
497,churn,20,175,155,0,156.3,601,9,36.6,147.1,89.0
512,churn,20,180,160,0,156.8,601,9,36.4,147.1,84.0
527,churn,20,185,165,0,159.0,601,9,36.4,138.4,84.8
542,churn,20,190,170,0,152.3,601,9,36.1,148.9,82.5
557,churn,20,195,175,0,162.1,601,9,37.8,153.4,81.8
572,churn,14,197,183,0,137.6,481,9,34.0,151.9,68.9
587,churn,18,204,186,0,143.7,561,9,33.7,149.9,74.1
602,churn,16,208,192,0,146.2,521,9,33.3,150.2,78.5
617,churn,20,215,195,0,145.0,601,9,34.7,150.2,89.9
633,churn,18,219,201,0,155.1,561,9,36.3,140.3,79.8
648,churn,18,224,206,0,144.3,561,9,35.4,143.6,80.9
663,churn,22,231,209,0,152.3,641,9,35.7,146.3,93.6
678,churn,26,238,212,0,174.4,721,9,40.3,151.5,104.5
693,churn,24,242,218,0,174.2,681,9,40.5,156.9,99.3
708,churn,20,245,225,0,160.7,601,9,38.0,156.9,91.6
723,churn,24,252,228,0,166.6,681,9,38.7,159.1,93.5
738,churn,22,256,234,0,167.0,641,9,37.9,151.7,94.4
753,churn,22,261,239,0,178.9,641,9,39.8,160.7,97.9
768,churn,18,264,246,0,153.7,561,9,35.8,157.6,79.0
783,churn,20,270,250,0,155.0,601,9,37.1,157.7,93.1
798,churn,16,273,257,0,131.9,521,9,33.2,155.6,69.8
813,churn,18,279,261,0,142.9,561,9,32.8,146.0,81.3
828,churn,20,285,265,0,151.4,601,9,34.8,146.0,84.0
843,churn,20,290,270,0,151.2,601,9,36.8,148.7,83.2
858,churn,20,295,275,0,159.2,601,9,36.8,153.9,80.6
874,churn,18,299,281,0,146.5,561,9,33.5,154.5,78.5
889,churn,22,306,284,0,156.3,641,9,36.0,152.4,91.8
904,churn,16,308,292,0,144.3,521,9,36.3,150.2,69.5
919,churn,16,313,297,0,139.2,521,9,33.4,152.3,74.6
934,churn,14,317,303,0,130.7,481,9,31.0,153.9,68.4
949,churn,16,323,307,0,143.7,521,9,35.4,155.8,76.2
964,churn,16,328,312,0,134.6,521,9,37.7,156.0,77.9
979,churn,18,334,316,0,136.3,561,9,31.6,150.3,76.4
994,churn,14,337,323,0,139.6,481,9,31.2,153.0,71.1
1009,churn,16,343,327,0,125.0,521,9,30.5,155.7,74.9
1024,churn,16,348,332,0,138.1,521,9,32.9,156.2,72.6
1039,churn,16,353,337,0,143.7,521,9,32.8,159.1,74.8
1054,churn,10,355,345,0,108.0,401,9,29.9,158.2,58.6
1069,churn,10,360,350,0,118.1,401,9,31.1,157.7,62.9
1084,churn,10,365,355,0,101.8,401,9,26.7,150.3,54.3
1099,churn,12,371,359,0,119.3,441,9,30.2,150.6,61.0
1115,churn,20,380,360,0,143.8,601,9,36.4,153.1,83.1
1130,churn,20,385,365,0,167.8,601,9,39.9,152.1,85.3
1145,churn,22,391,369,0,165.1,641,9,40.8,158.9,84.8
1160,churn,20,395,375,0,163.9,601,9,38.6,151.4,85.5
1175,churn,28,404,376,0,173.1,761,9,42.2,157.2,98.2
1190,churn,30,410,380,0,202.9,801,9,47.1,168.0,106.4
1205,churn,28,414,386,0,201.6,761,9,47.0,160.8,98.7
1220,churn,26,418,392,0,191.1,721,9,43.2,149.8,101.0
1235,churn,26,423,397,0,187.6,721,9,43.8,146.8,104.6
1250,churn,24,427,403,0,193.6,681,9,42.0,147.0,96.3
1265,churn,26,433,407,0,178.6,721,9,41.5,150.5,110.6
1280,churn,22,436,414,0,182.1,641,9,41.1,152.8,94.9
1295,churn,26,443,417,0,176.9,721,9,41.9,150.0,105.1
1310,churn,24,447,423,0,172.7,681,9,41.1,150.6,97.4
1326,churn,26,453,427,0,172.4,721,9,40.2,150.9,107.9
1341,churn,22,456,434,0,177.6,641,9,39.0,151.2,94.6
1356,churn,18,459,441,0,162.6,561,9,36.3,151.2,79.3
1371,churn,22,466,444,0,160.2,641,9,36.3,144.9,93.3
1386,churn,22,471,449,0,173.3,641,9,39.0,146.4,96.6
1401,churn,22,476,454,0,167.2,641,9,36.9,151.2,86.0
1416,churn,24,482,458,0,180.2,681,9,40.3,151.5,103.8
1431,churn,24,487,463,0,179.5,681,9,40.2,147.5,101.0
1446,churn,26,493,467,0,173.8,721,9,42.7,151.0,105.1
1461,churn,28,499,471,0,198.5,761,9,43.5,160.2,107.0
1476,churn,26,503,477,0,196.2,721,9,42.4,158.3,100.2
1491,churn,28,509,481,0,183.4,761,9,43.6,151.6,113.1
1506,churn,26,513,487,0,198.1,721,9,42.6,152.9,97.1
1521,churn,24,517,493,0,181.6,681,9,40.1,162.5,101.9
1537,churn,22,521,499,0,166.7,641,9,38.2,158.4,92.8
1552,churn,18,524,506,0,150.5,561,9,39.5,165.9,77.3
1567,churn,24,532,508,0,181.8,681,9,40.9,170.3,89.9
1582,churn,22,536,514,0,178.4,641,9,41.2,165.5,96.9
1597,churn,24,542,518,0,175.5,681,9,41.9,170.1,96.1
1612,churn,24,547,523,0,181.8,681,9,42.2,165.8,101.6
1627,churn,26,553,527,0,173.8,721,9,42.1,156.9,107.2
1642,churn,24,557,533,0,165.6,681,9,41.3,146.7,101.4
1657,churn,20,560,540,0,157.3,601,9,39.0,154.0,80.6
1672,churn,20,565,545,0,160.4,601,9,39.3,159.2,82.7
1687,churn,18,569,551,0,150.9,561,9,37.1,158.9,83.0
1702,churn,16,573,557,0,158.2,521,9,35.3,154.7,75.6
1717,churn,16,578,562,0,143.6,521,9,35.2,151.3,76.6
1732,churn,18,584,566,0,153.5,561,9,36.8,151.7,88.3
1748,churn,16,588,572,0,143.7,521,9,33.7,152.1,74.6
1763,churn,16,593,577,0,144.0,521,9,34.3,152.5,79.9
1778,churn,18,599,581,0,137.2,561,9,34.4,152.5,74.2
1793,churn,20,605,585,0,153.1,601,9,37.6,152.0,90.3
1808,churn,20,610,590,0,156.6,601,9,36.8,153.9,81.8
1823,churn,18,614,596,0,155.8,561,9,37.8,152.2,78.2
1838,churn,18,619,601,0,156.7,561,9,35.8,152.2,85.1
1853,churn,18,624,606,0,149.3,561,9,36.4,148.8,80.0
1868,churn,22,631,609,0,151.5,641,9,43.8,161.4,95.9
1883,churn,24,637,613,0,173.1,681,9,40.9,162.2,101.2
1898,churn,18,639,621,0,161.8,561,9,40.0,162.6,88.4
1913,churn,20,645,625,0,150.2,601,9,35.8,162.6,90.2
1928,churn,20,650,630,0,165.5,601,9,37.4,157.9,80.7
1943,churn,20,655,635,0,159.3,601,9,38.5,154.6,79.0
1958,churn,18,659,641,0,154.6,561,9,37.2,155.2,80.1
1974,churn,12,661,649,0,125.4,441,9,30.9,145.1,65.1
1989,churn,14,667,653,0,135.8,481,9,30.0,148.6,66.6
2004,churn,14,672,658,0,134.4,481,9,30.4,151.5,69.6
2019,churn,16,678,662,0,133.3,521,9,29.6,154.2,72.4
2034,churn,22,686,664,0,165.4,641,9,40.3,154.2,93.7
2049,churn,24,692,668,0,169.6,681,9,42.3,157.9,94.5
2064,churn,24,697,673,0,175.5,681,9,42.1,157.9,103.3
2079,churn,24,702,678,0,178.5,681,9,42.2,142.2,98.8
2094,churn,18,704,686,0,170.7,561,9,38.7,144.1,90.5
2109,churn,22,711,689,0,170.9,641,9,40.2,145.6,89.1
2124,churn,20,715,695,0,165.9,601,9,37.9,146.5,84.2
2139,churn,24,722,698,0,174.8,681,9,41.3,159.0,93.6
2155,churn,24,727,703,0,174.9,681,9,42.3,165.8,96.2
2170,churn,22,731,709,0,171.2,641,9,40.5,164.3,96.7
2185,churn,16,733,717,0,160.5,521,9,36.7,159.4,78.3
2200,churn,12,736,724,0,130.0,441,9,31.5,149.0,63.1
2215,churn,16,743,727,0,124.6,521,9,30.7,148.3,70.7
2230,churn,14,747,733,0,134.2,481,9,32.2,148.8,65.5
2245,churn,18,754,736,0,143.1,561,9,33.8,147.3,78.0
2260,churn,14,757,743,0,138.8,481,9,32.9,148.1,70.2
2275,churn,18,764,746,0,146.5,561,9,33.2,151.7,75.7
2290,churn,18,769,751,0,156.6,561,9,36.8,152.6,82.5
2305,churn,20,775,755,0,155.1,601,9,38.4,156.5,86.4
2320,churn,20,780,760,0,164.3,601,9,37.6,159.9,84.3
2335,churn,26,788,762,0,169.2,721,9,39.7,156.7,95.6
2350,churn,26,793,767,0,175.9,721,9,39.1,156.7,101.8
2365,churn,22,796,774,0,177.0,641,9,38.0,143.2,92.6
2381,churn,20,800,780,0,164.3,601,9,37.0,147.9,82.7
2396,churn,22,806,784,0,168.8,641,9,37.7,151.8,87.1
2411,churn,26,813,787,0,174.0,721,9,40.1,152.2,95.7
2426,churn,24,817,793,0,183.9,681,9,42.7,143.7,102.5
2441,churn,22,821,799,0,182.3,641,9,41.5,143.6,97.1
2456,churn,20,825,805,0,165.1,601,9,37.8,148.4,83.9
2471,churn,24,832,808,0,177.2,681,9,40.4,148.9,96.9
2486,churn,22,836,814,0,178.7,641,9,38.6,155.1,96.6
2501,churn,26,843,817,0,180.0,721,9,40.7,156.4,101.5
2516,churn,22,846,824,0,177.2,641,9,39.2,155.1,95.0
2531,churn,28,854,826,0,178.4,761,9,39.8,151.4,99.9
2546,churn,30,860,830,0,186.9,801,9,41.7,157.4,109.4
2561,churn,30,865,835,0,200.5,801,9,44.7,151.1,103.7
2576,churn,26,868,842,0,203.0,721,9,42.2,164.3,105.2
2592,churn,26,873,847,0,190.0,721,9,38.0,157.1,102.7
2607,churn,22,876,854,0,189.0,641,9,35.7,158.2,90.6
2622,churn,16,878,862,0,148.3,521,9,34.8,158.2,68.2
2637,churn,14,882,868,0,119.5,481,9,32.1,153.7,68.8
2652,churn,16,888,872,0,147.8,521,9,34.5,161.3,77.1
2667,churn,20,895,875,0,149.5,601,9,35.9,157.6,85.2
2682,churn,22,901,879,0,152.9,641,9,36.0,159.2,87.4
2697,churn,20,905,885,0,161.7,601,9,36.8,161.7,80.6
2712,churn,24,912,888,0,163.9,681,9,37.8,162.0,92.0
2727,churn,24,917,893,0,157.7,681,9,38.1,161.3,86.4
2742,churn,22,921,899,0,169.0,641,9,38.3,162.8,98.4
2757,churn,22,926,904,0,173.7,641,9,39.0,161.8,95.0
2772,churn,18,929,911,0,163.4,561,9,36.9,158.1,82.6
2788,churn,16,933,917,0,142.8,521,9,32.9,159.4,75.8
2803,churn,16,938,922,0,147.2,521,9,35.2,157.1,79.6
2818,churn,14,942,928,0,139.8,481,9,32.0,152.6,69.5
2833,churn,14,947,933,0,123.7,481,9,31.0,146.9,66.5
2848,churn,14,952,938,0,134.7,481,9,31.2,149.2,67.2
2863,churn,18,959,941,0,143.7,561,9,33.0,153.2,81.7
2878,churn,18,964,946,0,161.8,561,9,35.9,152.4,81.5
2893,churn,24,972,948,0,157.4,681,9,37.2,150.8,92.4
2908,churn,20,975,955,0,172.6,601,9,38.5,155.1,88.2
2923,churn,20,980,960,0,144.4,601,9,36.0,156.2,90.7
2938,churn,18,984,966,0,156.2,561,9,37.2,158.0,78.2
2953,churn,18,989,971,0,137.9,561,9,35.1,146.4,78.6
2968,churn,20,995,975,0,147.8,601,9,36.1,156.9,89.3
2984,churn,22,1001,979,0,163.9,641,9,37.6,159.4,88.3
2999,churn,22,1006,984,0,175.7,641,9,39.0,157.6,95.7
3010,drain,0,1007,1007,0,50.7,201,9,20.6,105.8,15.0
3020,drain,0,1007,1007,0,50.2,201,9,16.5,105.2,15.6
3030,drain,0,1007,1007,0,50.5,201,9,16.5,105.2,15.0
3040,drain,0,1007,1007,0,49.4,201,9,18.0,105.2,15.0
3050,drain,0,1007,1007,0,49.9,201,9,16.3,105.2,14.7
3060,drain,0,1007,1007,0,50.4,200,9,15.3,105.2,15.0
3070,no_agents,0,1007,1007,0,48.1,10,9,0.4,105.3,3.0
3080,no_agents,0,1007,1007,0,34.6,10,9,0.3,105.3,2.3
3090,no_agents,0,1007,1007,0,26.2,10,9,0.3,105.3,2.3
3100,no_agents,0,1007,1007,0,25.5,10,9,0.3,106.3,2.3
3110,no_agents,0,1007,1007,0,25.5,10,9,0.2,107.3,2.3
3120,no_agents,0,1007,1007,0,25.4,10,9,0.2,108.1,2.3
